StaticResource	SNA_ZZdfp_sf_default_cdn_customerportal1	2026-03-26T23:54:25.000Z	2026-04-15T21:11:21.000Z
StaticResource	SNA_NpTcp_sf_default_cdn_solinkcustomer1	2026-03-30T23:22:21.000Z	2026-04-06T20:41:21.000Z
LightningComponentBundle	opportunitySiteTemplateUpload	2026-03-31T20:48:56.000Z	2026-04-15T18:55:13.000Z
LightningComponentBundle	flowEmailAuthorLauncher	2026-04-02T19:21:28.000Z	2026-04-02T19:21:28.000Z
LightningComponentBundle	opportunitySiteTemplateDownload	2026-03-31T20:18:08.000Z	2026-04-14T21:36:43.000Z
LightningComponentBundle	cameraDataModeSelector	2026-03-31T20:18:08.000Z	2026-04-14T19:54:12.000Z
LightningComponentBundle	manageOpportunitySiteCameraDataWrapper	2026-04-01T22:46:08.000Z	2026-04-08T22:18:17.000Z
LightningComponentBundle	opportunitySiteCameraTable	2026-03-31T20:18:08.000Z	2026-04-15T18:50:59.000Z
Layout	Opportunity-CustomerPortal Opportunity Layout	2026-04-02T21:54:31.000Z	2026-04-15T21:50:17.000Z
Layout	Contact-Customer Portal Contact Layout	2026-04-02T20:11:31.000Z	2026-04-15T21:04:35.000Z
Layout	Site__c-Site Layout	2026-03-22T12:50:04.000Z	2026-04-14T16:20:33.000Z
Layout	Account-Customer Portal Account Layout	2026-04-02T19:55:33.000Z	2026-04-15T21:09:40.000Z
QuickAction	Opportunity.Collect_Site_Data	2026-03-31T19:00:48.000Z	2026-04-06T20:22:59.000Z
FlexiPage	Opportunity_Record_Page	2026-02-06T21:06:20.000Z	2026-04-09T18:09:06.000Z
Flow	Enable_Customer_Community_User	2026-04-14T22:32:17.000Z	2026-04-14T22:32:20.000Z
Flow	Manage_Opportunity_Site_Camera_Data	2026-04-15T01:34:38.000Z	2026-04-15T01:34:40.000Z
Flow	Update_Prospecting_Opportunity_Camera_Details	2026-04-14T22:09:26.000Z	2026-04-14T22:09:30.000Z
Flow	Launch_Request_Site_Details_Email	2026-04-02T19:21:28.000Z	2026-04-02T19:21:30.000Z
FlowDefinition	Manage_Opportunity_Site_Camera_Data	2026-03-31T20:18:08.000Z	2026-04-15T01:34:40.000Z
FlowDefinition	Update_Prospecting_Opportunity_Camera_Details	2026-03-26T22:39:28.000Z	2026-04-14T22:09:31.000Z
FlowDefinition	Enable_Customer_Community_User	2026-04-10T21:46:25.000Z	2026-04-14T22:32:20.000Z
FlowDefinition	Launch_Request_Site_Details_Email	2026-04-02T19:21:28.000Z	2026-04-02T19:21:29.000Z
ContentAsset	Solink_Banner	2026-03-31T02:54:04.000Z	2026-03-31T02:54:04.000Z
ContentAsset	Solink_Banner1	2026-03-31T21:31:14.000Z	2026-03-31T21:31:14.000Z
ContentAsset	Solink_Logo_Colour1	2026-03-31T04:08:37.000Z	2026-03-31T04:08:37.000Z
ContentAsset	Screenshot_20260326_at_42505PM2	2026-03-27T16:53:17.000Z	2026-03-27T16:53:17.000Z
ContentAsset	Screenshot_20260326_at_42505PM	2026-03-26T23:25:28.000Z	2026-03-26T23:25:28.000Z
ContentAsset	SolinkwordmarkWEBFullColourR_6_1	2026-04-14T15:55:58.000Z	2026-04-14T15:55:58.000Z
ContentAsset	Screenshot_20260326_at_42505PM1	2026-03-26T23:54:02.000Z	2026-03-26T23:54:02.000Z
ApexClass	OpportunitySiteCameraDataControllerTest	2026-03-31T20:18:09.000Z	2026-04-10T16:38:10.000Z
ApexClass	OpportunitySiteCameraDataController	2026-03-31T20:18:09.000Z	2026-04-14T19:34:20.000Z
ApexClass	CheckExternalUserAction	2026-04-15T01:16:58.000Z	2026-04-15T01:16:58.000Z
ApexClass	OpportunitySiteCameraUpdateAction	2026-03-31T20:18:09.000Z	2026-04-15T02:40:46.000Z
ApexClass	SiteDetailsEmailSendAction	2026-04-14T23:36:33.000Z	2026-04-14T23:36:33.000Z
Profile	SolinkCustomerPortal Profile	2026-03-31T03:54:19.000Z	2026-04-15T18:18:31.000Z
Profile	ASolinkCustomerPortalUser	2026-04-11T00:07:28.000Z	2026-04-15T21:18:48.000Z
Profile	SolinkCustomerPortalUser	2026-03-30T22:19:11.000Z	2026-04-15T18:18:31.000Z
Profile	solinkcustomer Profile	2026-03-27T18:21:39.000Z	2026-04-15T18:18:31.000Z
Profile	customerportal Profile	2026-03-25T17:36:51.000Z	2026-04-15T18:18:31.000Z
PermissionSet	SiteDetailsNotificationAccess	2026-04-15T01:31:01.000Z	2026-04-15T01:31:01.000Z
CustomSite	SolinkCustomerPortal	2026-03-31T03:54:20.000Z	2026-03-31T03:54:21.000Z
CustomSite	customerportal	2026-03-25T17:36:51.000Z	2026-03-31T01:18:04.000Z
CustomSite	solinkcustomer	2026-03-27T18:21:40.000Z	2026-03-31T02:51:38.000Z
SharingSet	SolinkcustomerPortal	2026-03-31T00:18:10.000Z	2026-04-14T19:02:21.000Z
DigitalExperienceBundle	site/solinkcustomer1	2026-03-27T18:21:46.000Z	2026-03-27T18:21:46.000Z
DigitalExperienceBundle	content/solink	2026-03-27T18:32:36.000Z	2026-03-27T18:32:36.000Z
SiteDotCom	customerportal1	2026-03-25T17:36:55.000Z	2026-03-31T01:18:04.000Z
SiteDotCom	solinkcustomer1	2026-03-27T18:21:46.000Z	2026-03-31T02:51:38.000Z
SiteDotCom	SolinkCustomerPortal1	2026-03-31T03:54:25.000Z	2026-03-31T03:54:34.000Z
DigitalExperienceConfig	solinkcustomer1	2026-03-27T18:21:46.000Z	2026-03-31T02:51:38.000Z
ExperienceBundle	SolinkCustomerPortal1	2026-03-31T03:54:25.000Z	2026-03-31T03:54:34.000Z
ExperienceBundle	customerportal1	2026-03-25T17:36:55.000Z	2026-03-31T01:18:04.000Z
ExperienceBundle	solinkcustomer1	2026-03-27T18:21:46.000Z	2026-03-31T02:51:38.000Z
Network	customerportal	2026-03-25T17:36:53.000Z	2026-04-06T19:17:22.000Z
Network	solinkcustomer	2026-03-27T18:21:42.000Z	2026-03-31T02:51:31.000Z
Network	SolinkCustomerPortal	2026-03-31T03:54:21.000Z	2026-03-31T03:54:25.000Z
NetworkBranding	cbsolinkcustomer	2026-03-27T18:21:42.000Z	2026-03-27T18:21:42.000Z
NetworkBranding	cbSolinkCustomerPortal	2026-03-31T03:54:21.000Z	2026-03-31T03:54:21.000Z
NetworkBranding	cbcustomerportal	2026-03-25T17:36:53.000Z	2026-03-25T17:36:53.000Z
NavigationMenu	SFDC_Default_Navigation_customerportal	2026-03-25T17:36:54.000Z	2026-03-25T17:36:54.000Z
NavigationMenu	SFDC_Default_Navigation_SolinkCustomerPortal	2026-03-31T03:54:22.000Z	2026-03-31T03:54:22.000Z
NavigationMenu	SFDC_Default_Navigation_solinkcustomer	2026-03-27T18:21:43.000Z	2026-03-27T18:21:43.000Z
Audience	Default1	2026-03-25T17:36:54.000Z	2026-03-25T17:36:54.000Z
Audience	Default2	2026-03-27T18:21:43.000Z	2026-03-27T18:21:43.000Z
Audience	Default3	2026-03-31T03:54:22.000Z	2026-03-31T03:54:23.000Z
ManagedTopics	solinkcustomer	2026-03-27T18:21:42.000Z	2026-03-31T02:51:31.000Z
ManagedTopics	customerportal	2026-03-25T17:36:53.000Z	2026-04-06T19:17:22.000Z
ManagedTopics	SolinkCustomerPortal	2026-03-31T03:54:21.000Z	2026-03-31T03:54:25.000Z
KeywordList	solinkcustomer.Banned	2026-03-27T18:21:58.000Z	2026-03-27T18:21:58.000Z
KeywordList	SolinkCustomerPortal.Banned	2026-03-31T03:54:35.000Z	2026-03-31T03:54:35.000Z
KeywordList	customerportal.Banned	2026-03-25T17:36:59.000Z	2026-03-25T17:36:59.000Z
UserCriteria	solinkcustomer.Partner_and_Customer_members	2026-03-27T18:21:58.000Z	2026-03-27T18:21:58.000Z
UserCriteria	solinkcustomer.Customer_Members	2026-03-27T18:21:58.000Z	2026-03-27T18:21:58.000Z
UserCriteria	customerportal.Members_without_contribution	2026-03-25T17:37:00.000Z	2026-03-25T17:37:00.000Z
UserCriteria	customerportal.Customer_Members	2026-03-25T17:37:00.000Z	2026-03-25T17:37:00.000Z
UserCriteria	SolinkCustomerPortal.Partner_and_Customer_members	2026-03-31T03:54:35.000Z	2026-03-31T03:54:35.000Z
UserCriteria	SolinkCustomerPortal.Members_without_contribution	2026-03-31T03:54:35.000Z	2026-03-31T03:54:35.000Z
UserCriteria	solinkcustomer.Members_without_contribution	2026-03-27T18:21:58.000Z	2026-03-27T18:21:58.000Z
UserCriteria	customerportal.Partner_and_Customer_members	2026-03-25T17:37:00.000Z	2026-03-25T17:37:00.000Z
UserCriteria	SolinkCustomerPortal.Customer_Members	2026-03-31T03:54:35.000Z	2026-03-31T03:54:35.000Z
ModerationRule	SolinkCustomerPortal.Block_banned_keywords	2026-03-31T03:54:35.000Z	2026-03-31T03:54:35.000Z
ModerationRule	SolinkCustomerPortal.Replace_banned	2026-03-31T03:54:35.000Z	2026-03-31T03:54:35.000Z
ModerationRule	solinkcustomer.Block_banned_keywords	2026-03-27T18:21:58.000Z	2026-03-27T18:21:58.000Z
ModerationRule	SolinkCustomerPortal.Flag_banned	2026-03-31T03:54:35.000Z	2026-03-31T03:54:35.000Z
ModerationRule	SolinkCustomerPortal.Review_the_first_post	2026-03-31T03:54:35.000Z	2026-03-31T03:54:35.000Z
ModerationRule	customerportal.Replace_banned	2026-03-25T17:37:00.000Z	2026-03-25T17:37:00.000Z
ModerationRule	SolinkCustomerPortal.Freeze_for_frequent_posting	2026-03-31T03:54:35.000Z	2026-03-31T03:54:35.000Z
ModerationRule	solinkcustomer.Flag_banned	2026-03-27T18:21:58.000Z	2026-03-27T18:21:58.000Z
ModerationRule	customerportal.Flag_banned	2026-03-25T17:37:00.000Z	2026-03-25T17:37:00.000Z
ModerationRule	customerportal.Review_the_first_post	2026-03-25T17:37:00.000Z	2026-03-25T17:37:00.000Z
ModerationRule	customerportal.Block_banned_keywords	2026-03-25T17:37:00.000Z	2026-03-25T17:37:00.000Z
ModerationRule	solinkcustomer.Review_the_first_post	2026-03-27T18:21:58.000Z	2026-03-27T18:21:58.000Z
ModerationRule	solinkcustomer.Freeze_for_frequent_posting	2026-03-27T18:21:58.000Z	2026-03-27T18:21:58.000Z
ModerationRule	customerportal.Freeze_for_frequent_posting	2026-03-25T17:37:00.000Z	2026-03-25T17:37:00.000Z
ModerationRule	solinkcustomer.Replace_banned	2026-03-27T18:21:58.000Z	2026-03-27T18:21:58.000Z
